title,duration,artist,album,genre,plays,year,bpm,key,time_signature,energy,danceability,valence,mode,acousticness
Chicago,4:05,Michael Jackson,XSCAPE (Deluxe),Pop,3,2014,88,C major,4/4,0.57,0.72,0.78,major,0.12
Love Never Felt So Good,3:55,Michael Jackson,XSCAPE (Deluxe),Pop,1,2014,113,Db major,4/4,0.73,0.8,0.84,major,0.06
Hold My Hand (with Akon),3:32,Michael Jackson,Michael,Pop,1,2010,77,G major,4/4,0.52,0.57,0.76,major,0.28
You Rock My World (Radio Edit),4:27,Michael Jackson,Number Ones,Pop,5,2001,99,A minor,4/4,0.82,0.82,0.65,minor,0.04
The Lost Children,4:01,Michael Jackson,Invincible,Pop,6,2001,62,Db major,4/4,0.24,0.38,0.68,major,0.55
Butterflies,4:41,Michael Jackson,Invincible,Pop,,2001,95,Ab major,4/4,0.51,0.68,0.73,major,0.15
You Rock My World,5:39,Michael Jackson,Invincible,Pop,25,2001,99,A minor,4/4,0.82,0.82,0.65,minor,0.04
Heaven Can Wait,4:50,Michael Jackson,Invincible,Pop,1,2001,100,Bb major,4/4,0.46,0.57,0.61,major,0.18
Ghosts,5:13,Michael Jackson,Scream,Pop,1,1997,100,D minor,4/4,0.83,0.79,0.54,minor,0.03
Blood on the Dance Floor,4:14,Michael Jackson,BLOOD ON THE DANCE FLOOR/ HIStory In The Mix,Pop,,1997,126,Bb minor,4/4,0.92,0.87,0.48,minor,0.02
Scream,4:38,Michael Jackson & Janet Jackson,"HIStory - PAST, PRESENT AND FUTURE - BOOK I",Pop,12,1995,115,Bb minor,4/4,0.95,0.83,0.42,minor,0.01
Earth Song (Radio Edit),5:02,Michael Jackson,Number Ones,Pop,1,1995,52,F minor,4/4,0.55,0.37,0.24,minor,0.08
Little Susie / Pie Jesu,6:14,Michael Jackson,HIStory Continues,Pop,,1995,60,C major,3/4,0.22,0.3,0.45,major,0.62
History,6:38,Michael Jackson,HIStory Continues,Pop,4,1995,92,E minor,4/4,0.72,0.62,0.37,minor,0.05
Tabloid Junkie,4:33,Michael Jackson,HIStory Continues,Pop,,1995,112,D minor,4/4,0.8,0.74,0.4,minor,0.03
"Childhood (Theme from ""Free Willy 2"")",4:28,Michael Jackson,"HIStory - PAST, PRESENT AND FUTURE - BOOK I",Pop,12,1995,70,C major,4/4,0.28,0.38,0.72,major,0.42
You Are Not Alone,5:45,Michael Jackson,"HIStory - PAST, PRESENT AND FUTURE - BOOK I",Pop,26,1995,68,F major,4/4,0.34,0.46,0.54,major,0.22
They Don't Care About Us,4:44,Michael Jackson,"HIStory - PAST, PRESENT AND FUTURE - BOOK I",Pop,1,1995,112,A minor,4/4,0.83,0.74,0.44,minor,0.04
Will You Be There (Single Version),3:44,Michael Jackson,The Essential Michael Jackson,Pop,12,1993,63,Bb major,4/4,0.37,0.42,0.58,major,0.32
Who Is It,6:35,Michael Jackson,Dangerous,Pop,2,1991,112,Ab minor,4/4,0.67,0.72,0.4,minor,0.04
Black or White,4:16,Michael Jackson,Dangerous,Pop,,1991,124,B major,4/4,0.9,0.73,0.77,major,0.02
Heal the World,6:24,Michael Jackson,Dangerous,Pop,143,1991,64,E major,4/4,0.28,0.42,0.85,major,0.35
Remember the Time,4:00,Michael Jackson,Dangerous,Pop,14,1991,116,C major,4/4,0.77,0.84,0.78,major,0.06
In the Closet,6:32,Michael Jackson,Dangerous,Pop,7,1991,113,Ab major,4/4,0.75,0.83,0.64,major,0.05
Jam,5:40,Michael Jackson,Dangerous,Pop,2,1991,93,A major,4/4,0.86,0.79,0.66,major,0.04
I Just Can't Stop Loving You,4:14,Michael Jackson & Siedah Garrett,Bad,Pop,5,1987,101,G major,4/4,0.55,0.63,0.76,major,0.2
Smooth Criminal,4:18,Michael Jackson,Bad (25th Anniversary Edition),Pop,5,1987,118,A minor,4/4,0.87,0.83,0.59,minor,0.02
Dirty Diana,4:41,Michael Jackson,Bad (25th Anniversary Edition),Pop,5,1987,118,E minor,4/4,0.88,0.75,0.47,minor,0.03
Man In the Mirror,5:19,Michael Jackson,Bad (25th Anniversary Edition),Pop,8,1987,100,G major,4/4,0.66,0.6,0.72,major,0.1
Liberian Girl,3:53,Michael Jackson,Bad (25th Anniversary Edition),Pop,7,1987,100,Gb major,4/4,0.6,0.72,0.75,major,0.12
The Way You Make Me Feel,4:58,Michael Jackson,Bad (25th Anniversary Edition),Pop,6,1987,118,B major,4/4,0.87,0.84,0.81,major,0.03
Bad,4:07,Michael Jackson,Bad (25th Anniversary Edition),Pop,85,1987,124,B minor,4/4,0.89,0.85,0.62,minor,0.02
Leave Me Alone,4:40,Michael Jackson,Bad,Pop,,1987,110,Ab minor,4/4,0.82,0.78,0.55,minor,0.03
Another Part of Me,3:55,Michael Jackson,Bad,Pop,1,1987,130,E major,4/4,0.82,0.8,0.72,major,0.03
Just Good Friends,4:07,Michael Jackson,Bad,Pop,12,1987,108,F major,4/4,0.66,0.72,0.76,major,0.08
Speed Demon,4:02,Michael Jackson,Bad,Pop,1,1987,158,C minor,4/4,0.91,0.81,0.58,minor,0.02
We Are the World,7:07,U.S.A. for Africa,We Are the World - Single,Rock,35,1985,89,A major,4/4,0.55,0.53,0.78,major,0.28
Someone In the Dark,4:48,Michael Jackson,Thriller (25th Anniversary) [Deluxe Edition],Pop,8,1982,78,Ab major,4/4,0.38,0.49,0.74,major,0.38
The Lady in My Life,4:58,Michael Jackson,Thriller,Pop,2,1982,63,Ab major,4/4,0.33,0.46,0.63,major,0.44
P.Y.T. (Pretty Young Thing),3:58,Michael Jackson,Thriller,Pop,,1982,116,F major,4/4,0.83,0.85,0.83,major,0.05
Human Nature,4:06,Michael Jackson,Thriller,Pop,4,1982,93,G major,4/4,0.47,0.58,0.68,major,0.2
Billie Jean,4:54,Michael Jackson,Thriller,Pop,11,1982,117,F# minor,4/4,0.85,0.87,0.63,minor,0.02
Beat It,4:18,Michael Jackson,Thriller,Pop,7,1982,139,E minor,4/4,0.91,0.74,0.66,minor,0.01
Thriller,5:59,Michael Jackson,Thriller,Pop,13,1982,118,C# minor,4/4,0.82,0.75,0.44,minor,0.01
The Girl Is Mine,3:42,Michael Jackson,Thriller,Pop,5,1982,94,Bb major,4/4,0.55,0.6,0.78,major,0.22
Wanna Be Startin' Somethin',6:03,Michael Jackson,Thriller,Pop,48,1982,126,Ab major,4/4,0.9,0.84,0.72,major,0.02
She's Out of My Life,3:38,Michael Jackson,Off the Wall,Pop,2,1979,66,Eb major,4/4,0.28,0.38,0.45,major,0.55
Off the Wall,4:06,Michael Jackson,Off the Wall,Pop,9,1979,110,F minor,4/4,0.84,0.86,0.73,minor,0.04
Get On the Floor,4:38,Michael Jackson,Off the Wall,Pop,1,1979,105,Db major,4/4,0.83,0.87,0.76,major,0.05
Get On the Floor,4:38,Michael Jackson,Off the Wall,Pop,1,1979,105,Db major,4/4,0.83,0.87,0.76,major,0.05
Workin' Day and Night,5:13,Michael Jackson,Off the Wall,Pop,11,1979,118,Bb minor,4/4,0.88,0.85,0.67,minor,0.03
Rock With You,3:40,Michael Jackson,Off the Wall,Pop,9,1979,112,Eb major,4/4,0.77,0.88,0.83,major,0.04
Don't Stop 'Til You Get Enough,6:04,Michael Jackson,Off the Wall,Pop,9,1979,113,F major,4/4,0.89,0.91,0.88,major,0.04
Blame It On the Boogie,3:35,The Jacksons,Destiny,Pop,2,1978,120,C major,4/4,0.84,0.88,0.84,major,0.06
Ben,2:47,Michael Jackson,Ben,Pop,,1972,77,F major,4/4,0.3,0.42,0.72,major,0.62
This Place Hotel,5:44,The Jacksons,The Essential Jacksons,R&B/Soul,5,1972,120,D minor,4/4,0.74,0.72,0.42,minor,0.06
Never Can Say Goodbye,3:00,Jackson 5,The Ultimate Collection,R&B/Soul,2,1971,120,Bb major,4/4,0.72,0.76,0.72,major,0.1
I'll Be There,3:59,Jackson 5,Third Album,R&B/Soul,,1970,72,Bb major,4/4,0.44,0.52,0.8,major,0.38
ABC,2:59,Jackson 5,ABC,Pop,1,1970,95,Bb major,4/4,0.83,0.84,0.92,major,0.1
Who's Loving You,4:05,Jackson 5,Diana Ross Presents the Jackson 5,R&B/Soul,2,1969,86,Bb major,4/4,0.48,0.52,0.62,major,0.3
I Want You Back,3:01,Jackson 5,Diana Ross Presents the Jackson 5,R&B/Soul,2,1969,106,Ab major,4/4,0.88,0.88,0.93,major,0.07
FaSHioN,2:55,CORTIS,COLOR OUTSIDE THE LINES - EP,K-Pop,470,2024,128,Ab major,4/4,0.82,0.8,0.58,major,0.04
Fatal Trouble,2:50,ENHYPEN,DARK MOON SPECIAL ALBUM <MEMORABILIA> - EP,K-Pop,369,2024,155,F# minor,4/4,0.9,0.78,0.41,minor,0.02
Supernova,2:59,aespa,Armageddon - The 1st Album,K-Pop,20,2024,178,Eb major,4/4,0.91,0.74,0.56,major,0.02
Armageddon,3:16,aespa,Armageddon - The 1st Album,K-Pop,36,2024,175,B minor,4/4,0.89,0.73,0.44,minor,0.02
Drama,3:35,aespa,Drama - The 4th Mini Album,K-Pop,39,2023,140,F minor,4/4,0.87,0.78,0.51,minor,0.03
Girls,4:00,aespa,Girls - The 2nd Mini Album (Apple Music Edition),K-Pop,48,2022,138,D minor,4/4,0.88,0.76,0.47,minor,0.02
Illusion,3:15,aespa,Girls - The 2nd Mini Album (Apple Music Edition),K-Pop,71,2022,125,C# minor,4/4,0.82,0.77,0.43,minor,0.04
Black Mamba,2:55,aespa,Girls - The 2nd Mini Album (Apple Music Edition),K-Pop,1,2020,134,F# minor,4/4,0.9,0.77,0.42,minor,0.03
Dreams Come True,3:25,aespa,Girls - The 2nd Mini Album (Apple Music Edition),K-Pop,,2022,120,Ab major,4/4,0.74,0.78,0.7,major,0.06
Savage,3:58,aespa,Savage - The 1st Mini Album - EP,K-Pop,,2021,131,G minor,4/4,0.88,0.79,0.48,minor,0.03
Savage,3:58,aespa,Savage - The 1st Mini Album (Extended Version) - EP,K-Pop,2,2021,131,G minor,4/4,0.88,0.79,0.48,minor,0.03
Whiplash,3:03,aespa,Whiplash - The 5th Mini Album - EP,K-Pop,23,2024,138,E minor,4/4,0.87,0.78,0.5,minor,0.03
Daechwita,3:46,Agust D,D-2,K-Pop,,2020,135,G minor,4/4,0.92,0.78,0.46,minor,0.03
Haegeum,2:49,Agust D,D-DAY,K-Pop,2,2023,170,E minor,4/4,0.88,0.77,0.43,minor,0.02
"How can I love the heartbreak, you're the one I love",4:50,AKMU,SAILING,K-Pop,1,2019,128,Ab major,4/4,0.82,0.8,0.58,major,0.04
Revolution,3:10,AleXa,DECOHERENCE,K-Pop,2,2021,128,Ab major,4/4,0.82,0.8,0.58,major,0.04
Dumhdurum,3:28,Apink,Look,K-Pop,,2020,128,Ab major,4/4,0.82,0.8,0.58,major,0.04
NoNoNo,3:40,Apink,Secret Garden - EP,K-Pop,,2013,128,Ab major,4/4,0.82,0.8,0.58,major,0.04
All Night,3:44,ASTRO,All Light,K-Pop,,2019,128,Ab major,4/4,0.82,0.8,0.58,major,0.04
Blue Flame,3:15,ASTRO,Blue Flame - EP,K-Pop,,2020,128,Ab major,4/4,0.82,0.8,0.58,major,0.04
Say My Name (Japanese Ver.),3:43,ATEEZ,Into the A to Z,K-Pop,27,2021,170,D minor,4/4,0.91,0.79,0.45,minor,0.02
Guerrilla,3:28,ATEEZ,THE WORLD EP.1 : MOVEMENT,K-Pop,,2022,155,E minor,4/4,0.93,0.77,0.42,minor,0.01
Turbulence,3:20,ATEEZ,ZERO : FEVER EPILOGUE,K-Pop,1,2022,128,C major,4/4,0.74,0.75,0.68,major,0.05
The Real (Heung Version),3:30,ATEEZ,ZERO : FEVER EPILOGUE,K-Pop,1,2022,138,D minor,4/4,0.88,0.78,0.55,minor,0.03
Fireworks (I'm The One),3:30,ATEEZ,"ZERO : FEVER, Pt. 2",K-Pop,,2021,145,A minor,4/4,0.88,0.76,0.6,minor,0.03
FEVER,3:24,ATEEZ,"ZERO: FEVER, Pt. 1",K-Pop,,2020,145,C major,4/4,0.87,0.8,0.62,major,0.03
THANXX,3:01,ATEEZ,"ZERO: FEVER, Pt. 1",K-Pop,,2020,155,F minor,4/4,0.92,0.79,0.45,minor,0.02
INCEPTION,3:31,ATEEZ,"ZERO: FEVER, Pt. 1",K-Pop,,2020,120,Ab major,4/4,0.72,0.76,0.58,major,0.05
BATTER UP (7 ver.),3:09,BABYMONSTER,BABYMONS7ER - EP,K-Pop,,2023,128,Ab major,4/4,0.82,0.8,0.58,major,0.04
Fiction,3:55,BEAST,Fiction and Fact,K-Pop,3,2011,128,Ab major,4/4,0.82,0.8,0.58,major,0.04
Fantastic Baby,3:51,BIGBANG,Alive,K-Pop,,2012,140,F# minor,4/4,0.92,0.82,0.6,minor,0.02
BANG BANG BANG,3:40,BIGBANG,MADE,K-Pop,3,2015,120,A minor,4/4,0.92,0.79,0.55,minor,0.02
BANG BANG BANG,3:40,BIGBANG,MADE,K-Pop,3,2015,120,A minor,4/4,0.92,0.79,0.55,minor,0.02
Fantastic Baby,3:53,BIGBANG,Special Edition 'Still Alive',K-Pop,,2012,140,F# minor,4/4,0.92,0.82,0.6,minor,0.02
How You Like That,3:01,BLACKPINK,THE ALBUM,K-Pop,5,2020,140,G minor,4/4,0.89,0.74,0.4,minor,0.04
How You Like That,3:01,BLACKPINK,THE ALBUM,K-Pop,5,2020,140,G minor,4/4,0.89,0.74,0.4,minor,0.04
Pretty Savage,3:19,BLACKPINK,THE ALBUM,K-Pop,1,2020,130,Bb minor,4/4,0.85,0.73,0.42,minor,0.03
Lovesick Girls,3:13,BLACKPINK,THE ALBUM,K-Pop,,2020,120,G# minor,4/4,0.77,0.77,0.55,minor,0.05
As If It's Your Last,3:35,BLACKPINK,AS IF IT'S YOUR LAST - Single,K-Pop,1,2017,152,Ab major,4/4,0.83,0.8,0.72,major,0.04
Pink Venom,3:07,BLACKPINK,BORN PINK,K-Pop,,2022,130,F# minor,4/4,0.89,0.75,0.38,minor,0.03
Shut Down,2:56,BLACKPINK,BORN PINK,K-Pop,16,2022,138,E minor,4/4,0.87,0.71,0.4,minor,0.03
Kill This Love,3:11,BLACKPINK,KILL THIS LOVE - EP,K-Pop,,2019,136,C minor,4/4,0.9,0.72,0.44,minor,0.02
Don't Know What To Do,3:21,BLACKPINK,KILL THIS LOVE - EP,K-Pop,,2019,95,D major,4/4,0.64,0.68,0.6,major,0.1
PLAYING WITH FIRE,3:19,BLACKPINK,SQUARE TWO - EP,K-Pop,,2016,120,F# minor,4/4,0.74,0.74,0.55,minor,0.06
DDU-DU DDU-DU,3:31,BLACKPINK,SQUARE UP - EP,K-Pop,13,2018,120,G minor,4/4,0.86,0.78,0.43,minor,0.03
DDU-DU DDU-DU,3:31,BLACKPINK,SQUARE UP - EP,K-Pop,13,2018,120,G minor,4/4,0.86,0.78,0.43,minor,0.03
Forever Young,3:59,BLACKPINK,SQUARE UP - EP,K-Pop,,2018,150,Db major,4/4,0.83,0.8,0.66,major,0.04
Forever Young,3:59,BLACKPINK,SQUARE UP - EP,K-Pop,,2018,150,Db major,4/4,0.83,0.8,0.66,major,0.04
No.1,3:13,BoA,NO.1 - The 2nd Album,K-Pop,,2002,128,Ab major,4/4,0.82,0.8,0.58,major,0.04
Rollin',3:18,Brave Girls,Rollin' - EP,K-Pop,,2017,128,Ab major,4/4,0.82,0.8,0.58,major,0.04
Chi Mat Ba Ram,3:37,Brave Girls,Summer Queen - EP,K-Pop,,2021,128,Ab major,4/4,0.82,0.8,0.58,major,0.04
Life Goes On,3:27,BTS,BE,K-Pop,,2020,76,G major,4/4,0.48,0.54,0.54,major,0.2
Dynamite,3:19,BTS,BE,K-Pop,1,2020,114,Db major,4/4,0.77,0.74,0.74,major,0.06
Butter,2:44,BTS,Butter / Permission to Dance - EP,K-Pop,,2021,110,Db major,4/4,0.79,0.76,0.65,major,0.05
Don't Leave Me,3:47,BTS,FACE YOURSELF,Hip-Hop/Rap,,2018,92,E minor,4/4,0.56,0.61,0.37,minor,0.14
Let Go,5:00,BTS,FACE YOURSELF,Hip-Hop/Rap,,2018,85,C major,4/4,0.42,0.48,0.55,major,0.3
DNA,3:43,BTS,Love Yourself 結 'Answer',K-Pop,,2017,130,Ab major,4/4,0.77,0.8,0.73,major,0.05
FAKE LOVE,4:02,BTS,Love Yourself 結 'Answer',K-Pop,,2018,94,F minor,4/4,0.65,0.64,0.27,minor,0.12
I'm Fine,4:00,BTS,Love Yourself 結 'Answer',K-Pop,1,2018,130,Eb major,4/4,0.8,0.74,0.68,major,0.06
IDOL,3:43,BTS,Love Yourself 結 'Answer',K-Pop,1,2018,128,Eb major,4/4,0.82,0.79,0.65,major,0.04
Anpanman,3:53,BTS,Love Yourself 結 'Answer',K-Pop,,2018,95,C major,4/4,0.73,0.76,0.74,major,0.06
IDOL (feat. Nicki Minaj),4:20,BTS,Love Yourself 結 'Answer',K-Pop,12,2018,128,Eb major,4/4,0.82,0.79,0.65,major,0.04
Boy With Luv (feat. Halsey),3:50,BTS,MAP OF THE SOUL : 7,K-Pop,,2019,95,Db major,4/4,0.75,0.76,0.78,major,0.07
My Time,3:54,BTS,MAP OF THE SOUL : 7,K-Pop,1,2020,93,Bb major,4/4,0.61,0.68,0.7,major,0.1
ON,4:06,BTS,MAP OF THE SOUL : 7,K-Pop,,2020,130,D minor,4/4,0.88,0.72,0.44,minor,0.04
UGH!,3:45,BTS,MAP OF THE SOUL : 7,K-Pop,,2020,155,F# minor,4/4,0.88,0.77,0.42,minor,0.03
Stay Gold,4:03,BTS,MAP OF THE SOUL : 7 ~ THE JOURNEY ~,K-Pop,,2020,80,Db major,4/4,0.48,0.54,0.62,major,0.18
Your eyes tell,4:05,BTS,MAP OF THE SOUL : 7 ~ THE JOURNEY ~,K-Pop,1,2020,82,Bb major,4/4,0.44,0.52,0.58,major,0.22
Mikrokosmos,3:44,BTS,MAP OF THE SOUL : PERSONA,K-Pop,,2019,130,C major,4/4,0.56,0.56,0.68,major,0.14
I NEED U,3:31,BTS,The Most Beautiful Moment in Life: Young Forever,K-Pop,,2015,105,C minor,4/4,0.66,0.7,0.45,minor,0.08
RUN,3:56,BTS,The Most Beautiful Moment in Life: Young Forever,K-Pop,,2015,130,D minor,4/4,0.79,0.74,0.52,minor,0.06
Dope,4:00,BTS,The Most Beautiful Moment in Life: Young Forever,K-Pop,,2015,142,C# minor,4/4,0.85,0.79,0.56,minor,0.03
Burning Up (FIRE),3:23,BTS,The Most Beautiful Moment in Life: Young Forever,K-Pop,,2016,155,F major,4/4,0.93,0.79,0.69,major,0.03
Save ME,3:17,BTS,The Most Beautiful Moment in Life: Young Forever,K-Pop,,2016,120,Bb major,4/4,0.73,0.74,0.62,major,0.06
N.O,3:30,BTS,"O!RUL8,2?",K-Pop,,2013,132,D minor,4/4,0.83,0.76,0.5,minor,0.04
Yet To Come,3:14,BTS,Proof,K-Pop,3,2022,100,Bb major,4/4,0.61,0.65,0.6,major,0.1
Blood Sweat & Tears,3:37,BTS,Wings,K-Pop,,2016,130,F# minor,4/4,0.63,0.73,0.42,minor,0.07
Spring Day,4:34,BTS,YOU NEVER WALK ALONE,K-Pop,,2017,116,E major,4/4,0.5,0.56,0.48,major,0.15
Spring Day,4:34,BTS,YOU NEVER WALK ALONE,K-Pop,,2017,116,E major,4/4,0.5,0.56,0.48,major,0.15
Not Today,3:52,BTS,YOU NEVER WALK ALONE,K-Pop,,2017,150,C minor,4/4,0.88,0.77,0.45,minor,0.03
Dumb,3:11,BVNDIT,Be! - EP,K-Pop,,2019,128,Ab major,4/4,0.82,0.8,0.58,major,0.04
Dramatic,3:26,BVNDIT,Be! - EP,K-Pop,,2019,128,Ab major,4/4,0.82,0.8,0.58,major,0.04
Hello,3:36,CHEN,Hello - Single,K-Pop,,2019,128,Ab major,4/4,0.82,0.8,0.58,major,0.04
Love So Sweet,3:08,Cherry Bullet,Cherry Rush - EP,K-Pop,,2019,128,Ab major,4/4,0.82,0.8,0.58,major,0.04
Hands Up,3:32,Cherry Bullet,Hands Up - Single,K-Pop,,2021,128,Ab major,4/4,0.82,0.8,0.58,major,0.04
Snapping,3:33,CHUNG HA,Flourishing - EP,K-Pop,,2019,120,F minor,4/4,0.82,0.83,0.57,minor,0.04
Gotta Go,3:42,CHUNG HA,Gotta Go - Single,K-Pop,1,2019,145,C# minor,4/4,0.88,0.82,0.51,minor,0.03
Stay Tonight,3:37,CHUNG HA,Querencia,K-Pop,18,2021,130,Eb minor,4/4,0.8,0.79,0.57,minor,0.04
Stay Tonight,3:37,CHUNG HA,Querencia,K-Pop,18,2021,130,Eb minor,4/4,0.8,0.79,0.57,minor,0.04
PLAY (feat. Changmo),3:20,CHUNG HA,Querencia,K-Pop,,2021,128,Ab major,4/4,0.82,0.8,0.58,major,0.04
Devil,2:57,CLC,Devil - Single,K-Pop,,2019,128,Ab major,4/4,0.82,0.8,0.58,major,0.04
GO!,2:51,CORTIS,COLOR OUTSIDE THE LINES - EP,K-Pop,70,2024,128,Ab major,4/4,0.82,0.8,0.58,major,0.04
JoyRide,2:38,CORTIS,COLOR OUTSIDE THE LINES - EP,K-Pop,81,2024,128,Ab major,4/4,0.82,0.8,0.58,major,0.04
Lullaby,2:44,CORTIS,COLOR OUTSIDE THE LINES - EP,K-Pop,56,2024,128,Ab major,4/4,0.82,0.8,0.58,major,0.04
What You Want,3:14,CORTIS,What You Want - Single,K-Pop,91,2024,128,Ab major,4/4,0.82,0.8,0.58,major,0.04
Landed,3:55,DAY6 (Even of Day),The Book of Us : Gluon - Nothing Can Tear Us Apart,K-Pop,,2020,128,Ab major,4/4,0.82,0.8,0.58,major,0.04
Where the sea sleeps,4:18,DAY6 (Even of Day),The Book of Us : Gluon - Nothing Can Tear Us Apart,K-Pop,3,2020,128,Ab major,4/4,0.82,0.8,0.58,major,0.04
난 일해,3:24,DKB,GROWTH - EP,Hip-Hop/Rap,,2021,90,F minor,4/4,0.72,0.78,0.47,minor,0.1
MAISON,3:06,Dreamcatcher,[Apocalypse : Save us],Rock,,2022,138,C minor,4/4,0.87,0.75,0.43,minor,0.03
4 Memory,3:08,Dreamcatcher,[Dystopia : Road to Utopia],K-Pop,,2021,128,Ab major,4/4,0.82,0.8,0.58,major,0.04
New days,3:32,Dreamcatcher,[Dystopia : Road to Utopia],K-Pop,,2021,128,Ab major,4/4,0.82,0.8,0.58,major,0.04
Deja Vu,3:45,Dreamcatcher,Raid of Dream - EP,K-Pop,,2019,150,D minor,4/4,0.86,0.76,0.42,minor,0.04
BEcause,3:12,Dreamcatcher,[Summer Holiday] - EP,Rock,,2021,165,A minor,4/4,0.88,0.74,0.45,minor,0.03
Scream,3:24,Dreamcatcher,1st Album [Dystopia : The Tree of Language],K-Pop,,2020,160,E minor,4/4,0.9,0.75,0.4,minor,0.03
FEVER,2:52,ENHYPEN,BORDER : CARNIVAL - EP,K-Pop,,2021,115,C major,4/4,0.79,0.79,0.62,major,0.04
FEVER,2:52,ENHYPEN,BORDER : CARNIVAL - EP,K-Pop,,2021,115,C major,4/4,0.79,0.79,0.62,major,0.04
Fate,2:32,ENHYPEN,DARK BLOOD - EP,K-Pop,17,2023,140,G minor,4/4,0.83,0.77,0.43,minor,0.03
Bite Me,2:38,ENHYPEN,DARK BLOOD - EP,K-Pop,44,2023,131,D minor,4/4,0.84,0.76,0.44,minor,0.03
Chaconne,3:34,ENHYPEN,DARK BLOOD - EP,K-Pop,28,2023,117,E minor,4/4,0.72,0.71,0.4,minor,0.06
Bills,2:56,ENHYPEN,DARK BLOOD - EP,K-Pop,15,2023,120,F minor,4/4,0.76,0.76,0.46,minor,0.04
CRIMINAL LOVE,3:36,ENHYPEN,DARK MOON SPECIAL ALBUM <MEMORABILIA> - EP,K-Pop,30,2024,130,C# minor,4/4,0.83,0.78,0.44,minor,0.03
Flashover,2:06,ENHYPEN,DESIRE : UNLEASH,K-Pop,,2025,128,Ab major,4/4,0.82,0.8,0.58,major,0.04
Bad Desire (With or Without You),2:22,ENHYPEN,DESIRE : UNLEASH,K-Pop,213,2025,120,Bb minor,4/4,0.77,0.77,0.48,minor,0.05
Outside,2:01,ENHYPEN,DESIRE : UNLEASH,K-Pop,87,2025,128,Ab major,4/4,0.82,0.8,0.58,major,0.04
Helium,2:43,ENHYPEN,DESIRE : UNLEASH,K-Pop,,2025,128,Ab major,4/4,0.82,0.8,0.58,major,0.04
Helium,2:43,ENHYPEN,DESIRE : UNLEASH,K-Pop,,2025,128,Ab major,4/4,0.82,0.8,0.58,major,0.04
Bad Desire (With or Without You) [English Ver.],2:22,ENHYPEN,DESIRE : UNLEASH,K-Pop,272,2025,120,Bb minor,4/4,0.77,0.77,0.48,minor,0.05
Upper Side Dreamin',3:09,ENHYPEN,DIMENSION : ANSWER,K-Pop,1,2022,128,Ab major,4/4,0.82,0.8,0.58,major,0.04
Blessed-Cursed,2:51,ENHYPEN,DIMENSION : ANSWER,K-Pop,6,2022,137,D minor,4/4,0.85,0.78,0.43,minor,0.03
Polaroid Love,3:05,ENHYPEN,DIMENSION : ANSWER,K-Pop,,2022,120,G major,4/4,0.65,0.72,0.72,major,0.08
Go Big or Go Home,3:22,ENHYPEN,DIMENSION : DILEMMA,K-Pop,,2021,140,E minor,4/4,0.85,0.79,0.5,minor,0.03
Future Perfect (Pass the MIC),3:01,ENHYPEN,MANIFESTO : DAY 1 - EP,K-Pop,23,2022,148,C minor,4/4,0.87,0.79,0.47,minor,0.02
ParadoXXX Invasion,3:07,ENHYPEN,MANIFESTO : DAY 1 - EP,K-Pop,5,2022,152,F minor,4/4,0.89,0.78,0.42,minor,0.02
ParadoXXX Invasion,3:07,ENHYPEN,MANIFESTO : DAY 1 - EP,K-Pop,5,2022,152,F minor,4/4,0.89,0.78,0.42,minor,0.02
Sweet Venom,2:29,ENHYPEN,ORANGE BLOOD,K-Pop,,2023,125,Ab major,4/4,0.74,0.78,0.66,major,0.05
Still Monster,3:06,ENHYPEN,ORANGE BLOOD,K-Pop,30,2023,130,D minor,4/4,0.82,0.77,0.45,minor,0.03
XO (Only If You Say Yes),3:08,ENHYPEN,ROMANCE : UNTOLD,K-Pop,11,2024,135,F major,4/4,0.77,0.79,0.64,major,0.05
Daydream,2:01,ENHYPEN,ROMANCE : UNTOLD -daydream-,K-Pop,79,2024,105,C major,4/4,0.65,0.73,0.7,major,0.08
No Doubt,2:47,ENHYPEN,ROMANCE : UNTOLD -daydream-,K-Pop,108,2024,95,Ab major,4/4,0.66,0.72,0.68,major,0.08
XO (Only If You Say Yes),3:08,ENHYPEN,ROMANCE : UNTOLD -daydream-,K-Pop,,2024,135,F major,4/4,0.77,0.79,0.64,major,0.05
Brought The Heat Back,2:56,ENHYPEN,ROMANCE : UNTOLD -daydream-,K-Pop,38,2024,128,E minor,4/4,0.8,0.78,0.52,minor,0.04
Paranormal,2:36,ENHYPEN,ROMANCE : UNTOLD -daydream-,K-Pop,13,2024,118,F# minor,4/4,0.77,0.75,0.44,minor,0.04
No Way Back (feat. So!YoON!),3:06,ENHYPEN,THE SIN : VANISH (Chinese Ver.),K-Pop,20,2025,128,Ab major,4/4,0.82,0.8,0.58,major,0.04
Knife,2:19,ENHYPEN,THE SIN : VANISH (Chinese Ver.),K-Pop,50,2025,140,D minor,4/4,0.85,0.78,0.41,minor,0.02
Stealer,2:56,ENHYPEN,THE SIN : VANISH (Chinese Ver.),K-Pop,16,2025,130,G minor,4/4,0.82,0.77,0.46,minor,0.03
Big Girls Don't Cry,1:59,ENHYPEN,THE SIN : VANISH (English Ver.),K-Pop,21,2025,128,Ab major,4/4,0.82,0.8,0.58,major,0.04
Lost Island,2:45,ENHYPEN,THE SIN : VANISH (English Ver.),K-Pop,19,2025,128,Ab major,4/4,0.82,0.8,0.58,major,0.04
Sleep Tight,2:38,ENHYPEN,THE SIN : VANISH (English Ver.),K-Pop,26,2025,128,Ab major,4/4,0.82,0.8,0.58,major,0.04
Paradise,3:27,Eric Nam,The Other Side - EP,K-Pop,,2021,128,Ab major,4/4,0.82,0.8,0.58,major,0.04
Bon Bon Chocolat,3:49,EVERGLOW,ARRIVAL OF EVERGLOW - Single,K-Pop,,2019,128,Ab major,4/4,0.82,0.8,0.58,major,0.04
LA DI DA,3:31,EVERGLOW,-77.82X-78.29 - EP,K-Pop,1,2020,128,Ab major,4/4,0.82,0.8,0.58,major,0.04
Obsession,3:24,EXO,OBSESSION - The 6th Album,K-Pop,,2019,128,D minor,4/4,0.86,0.8,0.44,minor,0.03
Ko Ko Bop,3:10,EXO,THE WAR - The 4th Album,K-Pop,,2017,124,Eb major,4/4,0.77,0.82,0.67,major,0.06
GOOD BOY,4:05,GD X TAEYANG,GOOD BOY - Single,Hip-Hop/Rap,,2014,90,F minor,4/4,0.72,0.78,0.47,minor,0.1
Fever,3:34,GFRIEND,FEVER SEASON,K-Pop,,2019,128,Ab major,4/4,0.8,0.78,0.66,major,0.05
Me Gustas Tú,3:41,GFRIEND,Flower Bud - EP,K-Pop,,2015,128,Ab major,4/4,0.82,0.8,0.58,major,0.04
NAVILLERA,3:14,GFRIEND,LOL,K-Pop,,2016,137,Ab major,4/4,0.78,0.76,0.76,major,0.06
Love Whisper,3:32,GFRIEND,RAINBOW,K-Pop,,2017,100,D major,4/4,0.68,0.72,0.74,major,0.08
Love Whisper,3:32,GFRIEND,RAINBOW,K-Pop,,2017,100,D major,4/4,0.68,0.72,0.74,major,0.08
Glass Bead,3:23,GFRIEND,Season Of Glass - EP,K-Pop,,2015,136,Bb minor,4/4,0.77,0.74,0.55,minor,0.06
Rough,3:29,GFRIEND,SNOWFLAKE,K-Pop,2,2016,175,A minor,4/4,0.8,0.72,0.56,minor,0.05
Time for the moon night,3:47,GFRIEND,Time for the moon night,K-Pop,2,2018,110,F major,4/4,0.64,0.67,0.62,major,0.1
Sunrise,3:36,GFRIEND,Time for us,K-Pop,1,2019,132,Db major,4/4,0.77,0.76,0.68,major,0.06
MAGO,3:19,GFRIEND,回:Walpurgis Night,K-Pop,5,2020,132,F# minor,4/4,0.83,0.8,0.6,minor,0.04
Think of Dawn,3:51,GHOST9,PRE EPISODE 1 : DOOR - EP,K-Pop,,2020,128,Ab major,4/4,0.82,0.8,0.58,major,0.04
Something,3:21,Girl's Day,걸스데이 미니앨범 3집 - EP,K-Pop,,2013,128,Ab major,4/4,0.82,0.8,0.58,major,0.04
FOREVER 1,3:23,Girls' Generation,FOREVER 1 - The 7th Album,K-Pop,1,2022,120,F major,4/4,0.74,0.76,0.76,major,0.07
Gee,3:22,Girls' Generation,Gee - EP,K-Pop,23,2009,130,C major,4/4,0.82,0.83,0.87,major,0.06
Gee,3:22,Girls' Generation,Gee - EP,K-Pop,23,2009,130,C major,4/4,0.82,0.83,0.87,major,0.06
Mr.Mr.,3:55,Girls' Generation,Girls' Generation 4th Mini Album 'Mr. Mr.' - EP,Pop,,2014,120,C major,4/4,0.7,0.7,0.65,major,0.12
Into the New World,4:25,Girls' Generation,Into the New World - EP,K-Pop,54,2007,132,Db major,4/4,0.76,0.76,0.82,major,0.08
Lion Heart,3:44,Girls' Generation,Lion Heart - The 5th Album,K-Pop,14,2015,120,Bb major,4/4,0.73,0.76,0.78,major,0.08
I Got a Boy,4:31,Girls' Generation,The 4th Album 'I Got a Boy',Pop,,2013,132,Db major,4/4,0.84,0.79,0.69,major,0.05
Little Miss,2:24,GIRLSET,Little Miss - Single,Pop,9,2024,120,C major,4/4,0.7,0.7,0.65,major,0.12
Step Back,3:49,GOT the beat,Step Back - Single,K-Pop,,2022,128,Ab major,4/4,0.82,0.8,0.58,major,0.04
NOT BY THE MOON,3:25,GOT7,DYE - EP,K-Pop,,2020,128,Ab major,4/4,0.82,0.8,0.58,major,0.04
Lullaby,3:37,GOT7,Present : YOU,K-Pop,,2018,128,Ab major,4/4,0.82,0.8,0.58,major,0.04
FOCUS,2:57,Hearts2Hearts,FOCUS - The 1st Mini Album - EP,K-Pop,8,2024,128,Ab major,4/4,0.82,0.8,0.58,major,0.04
STYLE,3:30,Hearts2Hearts,STYLE - Single,K-Pop,10,2024,128,Ab major,4/4,0.82,0.8,0.58,major,0.04
How It’s Done,2:56,"HUNTR/X, EJAE, AUDREY NUNA, REI AMI & KPop Demon Hunters Cast",KPop Demon Hunters (Soundtrack from the Netflix Film),K-Pop,,2025,128,Ab major,4/4,0.82,0.8,0.58,major,0.04
Golden,3:15,"HUNTR/X, EJAE, AUDREY NUNA, REI AMI & KPop Demon Hunters Cast",KPop Demon Hunters (Soundtrack from the Netflix Film),K-Pop,19,2025,128,Ab major,4/4,0.82,0.8,0.58,major,0.04
Takedown,3:02,"HUNTR/X, EJAE, AUDREY NUNA, REI AMI & KPop Demon Hunters Cast",KPop Demon Hunters (Soundtrack from the Netflix Film),K-Pop,3,2025,128,Ab major,4/4,0.82,0.8,0.58,major,0.04
Good Goodbye,3:43,HWASA,Good Goodbye - Single,K-Pop,21,2022,128,Ab major,4/4,0.82,0.8,0.58,major,0.04
Maria,3:19,HWASA,María - EP,K-Pop,,2020,128,Ab major,4/4,0.82,0.8,0.58,major,0.04
LMM,4:42,HWASA,María - EP,K-Pop,1,2020,128,Ab major,4/4,0.82,0.8,0.58,major,0.04
DESSERT (feat. Loopy & JEON SOYEON),3:21,HYO,DESSERT (feat. Loopy & JEON SOYEON) - Single,K-Pop,,2019,128,Ab major,4/4,0.82,0.8,0.58,major,0.04
LATATA,3:23,i-dle,I am - EP,K-Pop,,2018,128,Ab major,4/4,0.82,0.8,0.58,major,0.04
Nxde,2:58,i-dle,I love - EP,K-Pop,,2022,128,Ab major,4/4,0.82,0.8,0.58,major,0.04
TOMBOY,2:54,i-dle,I NEVER DIE,K-Pop,,2022,128,Ab major,4/4,0.82,0.8,0.58,major,0.04
Dive,3:11,iKON,i DECIDE - EP,K-Pop,,2020,128,Ab major,4/4,0.82,0.8,0.58,major,0.04
Almond Chocolate (Korean Ver.),3:22,ILLIT,Almond Chocolate (Korean Ver.) - Single,K-Pop,4,2025,128,Ab major,4/4,0.82,0.8,0.58,major,0.04
Billyeoon Goyangi (Do the Dance),3:09,ILLIT,bomb - EP,K-Pop,102,2025,118,G major,4/4,0.74,0.8,0.76,major,0.06
jellyous,2:43,ILLIT,bomb - EP,K-Pop,128,2025,128,Ab major,4/4,0.73,0.8,0.74,major,0.05
bamsopoong,2:19,ILLIT,bomb - EP,K-Pop,108,2025,120,F major,4/4,0.72,0.79,0.78,major,0.06
IYKYK (If You Know You Know),2:24,ILLIT,I'LL LIKE YOU - EP,K-Pop,69,2025,125,Bb major,4/4,0.72,0.78,0.72,major,0.06
Tick-Tack,2:09,ILLIT,I'LL LIKE YOU - EP,K-Pop,61,2025,120,G major,4/4,0.7,0.78,0.74,major,0.06
NOT CUTE ANYMORE,2:12,ILLIT,NOT CUTE ANYMORE - Single,K-Pop,38,2025,120,D major,4/4,0.7,0.78,0.73,major,0.06
NOT ME,2:34,ILLIT,NOT CUTE ANYMORE - Single,K-Pop,14,2025,128,Ab major,4/4,0.82,0.8,0.58,major,0.04
Sunday Morning,2:52,ILLIT,Sunday Morning - Single,J-Pop,33,2025,115,C major,4/4,0.66,0.74,0.76,major,0.1
Magnetic,2:41,ILLIT,SUPER REAL ME - EP,K-Pop,49,2024,129,C# minor,4/4,0.71,0.79,0.62,minor,0.05
Midnight Fiction,2:48,ILLIT,SUPER REAL ME - EP,K-Pop,17,2024,128,Ab major,4/4,0.82,0.8,0.58,major,0.04
Toki Yo Tomare,3:08,ILLIT,Toki Yo Tomare - EP,J-Pop,12,2024,125,G major,4/4,0.74,0.75,0.68,major,0.1
LOCO,3:11,ITZY,CRAZY IN LOVE,Dance,1,2021,128,C major,4/4,0.87,0.87,0.68,major,0.03
LOCO,3:11,ITZY,CRAZY IN LOVE,Dance,1,2021,128,C major,4/4,0.87,0.87,0.68,major,0.03
SWIPE,2:58,ITZY,CRAZY IN LOVE,Hip-Hop,,2021,90,F minor,4/4,0.72,0.78,0.47,minor,0.1
In the Morning,2:52,ITZY,GUESS WHO - EP,Hip-Hop,,2021,90,F minor,4/4,0.72,0.78,0.47,minor,0.1
ICY,3:11,ITZY,IT'z ICY - EP,Dance,,2019,128,C major,4/4,0.87,0.87,0.68,major,0.03
Not Shy,2:58,ITZY,Not Shy - EP,Dubstep,,2020,140,F minor,4/4,0.88,0.8,0.48,minor,0.03
Blueming,3:37,IU,Love Poem - EP,K-Pop,,2019,128,Ab major,4/4,0.82,0.8,0.58,major,0.04
Good Day,3:54,IU,Real,K-Pop,1,2010,128,Ab major,4/4,0.82,0.8,0.58,major,0.04
After LIKE,2:57,IVE,After LIKE - Single,K-Pop,5,2022,118,Bb minor,4/4,0.8,0.83,0.66,minor,0.04
My Satisfaction,3:13,IVE,After LIKE - Single,K-Pop,3,2022,128,Ab major,4/4,0.82,0.8,0.58,major,0.04
ELEVEN,2:58,IVE,ELEVEN - Single,K-Pop,1,2021,120,Ab major,4/4,0.72,0.78,0.71,major,0.07
I AM,3:04,IVE,I've IVE,K-Pop,3,2023,133,F# minor,4/4,0.83,0.78,0.54,minor,0.04
Kitsch,3:15,IVE,I've IVE,K-Pop,,2023,120,Db major,4/4,0.77,0.8,0.72,major,0.06
Off The Record,3:09,IVE,I'VE MINE - EP,K-Pop,2,2023,128,Ab major,4/4,0.82,0.8,0.58,major,0.04
LOVE DIVE,2:57,IVE,LOVE DIVE - Single,K-Pop,1,2022,124,G# minor,4/4,0.73,0.77,0.62,minor,0.06
LOVE DIVE,2:57,IVE,LOVE DIVE - Single,K-Pop,1,2022,124,G# minor,4/4,0.73,0.77,0.62,minor,0.06
MONA LISA,2:17,j-hope,MONA LISA - Single,K-Pop,,2024,128,Ab major,4/4,0.82,0.8,0.58,major,0.04
Don’t Leave Me,4:18,J.Y. Park,Blue City,K-Pop,,2010,128,Ab major,4/4,0.82,0.8,0.58,major,0.04
When We Disco,3:44,J.Y. Park & SUNMI,When We Disco (Duet Version) - Single,K-Pop,,2020,128,Ab major,4/4,0.82,0.8,0.58,major,0.04
DUMB DUMB,2:27,JEON SOMI,XOXO,K-Pop,,2021,128,Ab major,4/4,0.82,0.8,0.58,major,0.04
XOXO,3:28,JEON SOMI,XOXO,K-Pop,1,2023,128,Ab major,4/4,0.82,0.8,0.58,major,0.04
What You Waiting For,2:55,JEON SOMI,XOXO,K-Pop,,2023,128,Ab major,4/4,0.82,0.8,0.58,major,0.04
"투유 프로젝트 슈가맨, Pt. 11 - 당돌한 여자",3:06,"JIHYO, NAYEON, TZUYU & CHAEYOUNG","투유 프로젝트 슈가맨, Pt. 11 - 당돌한 여자 - Single",K-Pop,21,2017,128,Ab major,4/4,0.82,0.8,0.58,major,0.04
"Set Me Free, Pt. 2",3:21,Jimin,Set Me Free Pt. 2 - Single,K-Pop,,2023,128,Ab major,4/4,0.82,0.8,0.58,major,0.04
Stay Alive (Prod. SUGA of BTS),3:31,Jung Kook,Stay Alive (Prod. by SUGA of BTS) - Single,K-Pop,,2022,128,Ab major,4/4,0.82,0.8,0.58,major,0.04
Seven (Explicit Ver.),3:04,Jung Kook & Latto,GOLDEN,K-Pop,,2023,128,Ab major,4/4,0.82,0.8,0.58,major,0.04
THE BADDEST (feat. Bea Miller & League of Legends Music),2:43,"K/DA, i-dle & Wolftyla",ALL OUT - EP,K-Pop,,2020,128,Ab major,4/4,0.82,0.8,0.58,major,0.04
Rover,2:55,KAI,Rover - The 3rd Mini Album - EP,K-Pop,1,2023,128,Ab major,4/4,0.82,0.8,0.58,major,0.04
Bomb Bomb,2:44,KARD,Bomb Bomb - Single,K-Pop,,2018,128,Ab major,4/4,0.82,0.8,0.58,major,0.04
Dumb Litty,3:13,KARD,Dumb Litty - Single,K-Pop,,2018,128,Ab major,4/4,0.82,0.8,0.58,major,0.04
Hola Hola,3:23,KARD,KARD 1st Mini Album 'Hola Hola' - EP,K-Pop,,2017,128,Ab major,4/4,0.82,0.8,0.58,major,0.04
Red Moon,2:52,KARD,KARD 4th Mini Album 'Red Moon' - EP,K-Pop,,2019,128,Ab major,4/4,0.82,0.8,0.58,major,0.04
Dumb Litty,3:13,KARD,KARD 4th Mini Album 'Red Moon' - EP,K-Pop,,2018,128,Ab major,4/4,0.82,0.8,0.58,major,0.04
Gabriela,3:17,KATSEYE,BEAUTIFUL CHAOS - EP,Pop,143,2024,120,C major,4/4,0.7,0.7,0.65,major,0.12
Gameboy,3:06,KATSEYE,BEAUTIFUL CHAOS - EP,Pop,5,2024,120,C major,4/4,0.7,0.7,0.65,major,0.12
M.I.A,2:10,KATSEYE,BEAUTIFUL CHAOS - EP,Pop,10,2024,120,C major,4/4,0.7,0.7,0.65,major,0.12
Gnarly,2:17,KATSEYE,Gnarly - Single,Pop,434,2025,120,C major,4/4,0.7,0.7,0.65,major,0.12
Time Lapse,3:20,KATSEYE,"GOOD BOY (Original Television Soundtrack), Pt. 6 - EP",Soundtrack,26,2025,85,D major,4/4,0.55,0.55,0.6,major,0.3
Touch,2:10,KATSEYE,SIS (Soft Is Strong) - EP,Pop,4,2024,120,C major,4/4,0.7,0.7,0.65,major,0.12
My Way,2:35,KATSEYE,SIS (Soft Is Strong) - EP,Pop,8,2024,120,C major,4/4,0.7,0.7,0.65,major,0.12
WA DA DA,3:04,Kep1er,FIRST IMPACT - EP,K-Pop,,2022,128,Ab major,4/4,0.82,0.8,0.58,major,0.04
DEBUT SONG,2:02,KiiiKiii,UNCUT GEM - EP,K-Pop,25,2024,128,Ab major,4/4,0.82,0.8,0.58,major,0.04
사랑스러워,4:29,Kim Jong Kook,This is me,K-Pop,3,2005,128,Ab major,4/4,0.82,0.8,0.58,major,0.04
...말하자면,3:38,Kim Sung Jae,Kim Sung Jae,K-Pop,,2023,128,Ab major,4/4,0.82,0.8,0.58,major,0.04
1-800-hot-n-fun,2:53,LE SSERAFIM,CRAZY - EP,K-Pop,51,2024,140,E minor,4/4,0.88,0.81,0.48,minor,0.03
CRAZY,2:45,LE SSERAFIM,CRAZY (Party Remixes 1),K-Pop,24,2024,130,C# minor,4/4,0.84,0.81,0.52,minor,0.04
HOT,2:24,LE SSERAFIM,HOT - EP,K-Pop,48,2023,140,E minor,4/4,0.88,0.81,0.48,minor,0.03
Perfect Night,2:39,LE SSERAFIM,Perfect Night - Single,K-Pop,16,2023,110,F major,4/4,0.7,0.76,0.7,major,0.08
SPAGHETTI (Member ver.),2:17,LE SSERAFIM,SPAGHETTI,K-Pop,213,2025,128,Ab major,4/4,0.82,0.8,0.58,major,0.04
ANTIFRAGILE,3:04,LE SSERAFIM,UNFORGIVEN,K-Pop,,2022,134,G minor,4/4,0.88,0.82,0.48,minor,0.04
HOLO,2:59,LeeHi,HOLO - Single,K-Pop,,2021,128,Ab major,4/4,0.82,0.8,0.58,major,0.04
NO ONE (feat. B.I),3:15,LeeHi,24℃ - EP,K-Pop,,2021,128,Ab major,4/4,0.82,0.8,0.58,major,0.04
Moonwalkin',3:28,LNGSHOT,SHOT CALLERS - EP,K-Pop,45,2024,128,Ab major,4/4,0.82,0.8,0.58,major,0.04
Never Let Go,3:14,LNGSHOT,SHOT CALLERS - EP,K-Pop,19,2024,128,Ab major,4/4,0.82,0.8,0.58,major,0.04
HIP,3:15,MAMAMOO,reality in BLACK,K-Pop,,2019,128,Ab major,4/4,0.82,0.8,0.58,major,0.04
Egotistic,3:16,MAMAMOO,Red Moon - EP,K-Pop,1,2018,128,Ab major,4/4,0.82,0.8,0.58,major,0.04
Aya,3:31,MAMAMOO,Travel - EP,K-Pop,,2021,128,Ab major,4/4,0.82,0.8,0.58,major,0.04
Starry Night,3:31,MAMAMOO,Yellow Flower,K-Pop,,2017,128,Ab major,4/4,0.82,0.8,0.58,major,0.04
Hush,3:07,miss A,Hush,K-Pop,,2013,128,Ab major,4/4,0.82,0.8,0.58,major,0.04
Baam,3:28,MOMOLAND,Fun to the World - EP,K-Pop,,2018,128,Ab major,4/4,0.82,0.8,0.58,major,0.04
Bboom Bboom,3:29,MOMOLAND,Great! - EP,K-Pop,,2018,128,Ab major,4/4,0.82,0.8,0.58,major,0.04
Bboom Bboom,3:29,MOMOLAND,Great! - EP,K-Pop,,2018,128,Ab major,4/4,0.82,0.8,0.58,major,0.04
Thumbs Up,3:18,MOMOLAND,Thumbs Up - EP,K-Pop,,2018,128,Ab major,4/4,0.82,0.8,0.58,major,0.04
Girls,3:31,NATURE,NATURE WORLD: CODE M,K-Pop,,2021,128,Ab major,4/4,0.82,0.8,0.58,major,0.04
POP!,2:48,NAYEON,IM NAYEON,Dance,2,2022,128,C major,4/4,0.87,0.87,0.68,major,0.03
NO PROBLEM (feat. Felix),3:16,NAYEON,IM NAYEON,Pop,3,2022,120,C major,4/4,0.7,0.7,0.65,major,0.12
Kick It,3:53,NCT 127,NCT #127 Neo Zone - The 2nd Album,K-Pop,,2020,128,Ab major,4/4,0.82,0.8,0.58,major,0.04
Hello Future,3:41,NCT DREAM,Hello Future - The 1st Album Repackage - EP,K-Pop,3,2021,128,Ab major,4/4,0.82,0.8,0.58,major,0.04
My Everything,3:41,NCT U,"NCT RESONANCE, Pt. 2 - The 2nd Album",K-Pop,2,2020,128,Ab major,4/4,0.82,0.8,0.58,major,0.04
From Home,4:20,NCT U,"NCT RESONANCE, Pt. 2 - The 2nd Album",K-Pop,,2020,128,Ab major,4/4,0.82,0.8,0.58,major,0.04
Ditto,3:06,NewJeans,Ditto - Single,K-Pop,2,2022,130,E minor,4/4,0.53,0.68,0.52,minor,0.24
OMG,3:32,NewJeans,NewJeans 'OMG' - Single,K-Pop,1,2023,133,Db major,4/4,0.64,0.74,0.66,major,0.14
OMG (Apple Music Edition),3:32,NewJeans,OMG (Apple Music Edition) - Single,K-Pop,,2023,133,Db major,4/4,0.64,0.74,0.66,major,0.14
Nonstop,3:23,OH MY GIRL,NONSTOP - EP,K-Pop,,2020,128,Ab major,4/4,0.82,0.8,0.58,major,0.04
Dolphin,2:57,OH MY GIRL,NONSTOP - EP,K-Pop,,2020,128,Ab major,4/4,0.82,0.8,0.58,major,0.04
A Song Written Easily,3:33,ONEUS,In Its Time - Single,K-Pop,,2022,128,Ab major,4/4,0.82,0.8,0.58,major,0.04
Parting,4:00,ONEWE,Parting - Single,K-Pop,,2021,128,Ab major,4/4,0.82,0.8,0.58,major,0.04
Me After You,4:40,Paul Kim,Me After You - Single,K-Pop,10,2017,128,Ab major,4/4,0.82,0.8,0.58,major,0.04
Gangnam Style,3:39,PSY,Gangnam Style - Single,Pop,2,2012,132,F major,4/4,0.92,0.88,0.78,major,0.02
Gentleman,3:14,PSY,Gentleman - Single,Pop,,2013,127,Eb major,4/4,0.88,0.86,0.74,major,0.03
New Face,3:10,PSY,PSY 8th 4X2=8,K-Pop,3,2017,128,Ab major,4/4,0.82,0.8,0.58,major,0.04
New Face,3:10,PSY,PSY 8th 4X2=8,K-Pop,3,2017,128,Ab major,4/4,0.82,0.8,0.58,major,0.04
That That (prod.&feat. SUGA of BTS),2:55,PSY,PSY 9th,Dance,2,2022,128,C major,4/4,0.87,0.87,0.68,major,0.03
피카부 Peek-A-Boo,3:09,Red Velvet,Perfect Velvet - The 2nd Album,K-Pop,,2017,120,C minor,4/4,0.8,0.78,0.54,minor,0.04
Dumb Dumb,3:23,Red Velvet,The Red - The 1st Album,K-Pop,,2015,142,F minor,4/4,0.86,0.82,0.58,minor,0.03
Rookie,3:18,Red Velvet,Rookie - The 4th Mini Album - EP,K-Pop,,2017,125,Bb major,4/4,0.81,0.8,0.66,major,0.05
러시안 룰렛 Russian Roulette,3:31,Red Velvet,Russian Roulette - The 3rd Mini Album,K-Pop,1,2016,130,F major,4/4,0.78,0.79,0.68,major,0.05
Power Up,3:22,Red Velvet,Summer Magic - Summer Mini Album,K-Pop,2,2018,130,C major,4/4,0.82,0.83,0.8,major,0.04
Power Up,3:22,Red Velvet,Summer Magic - Summer Mini Album,K-Pop,2,2018,130,C major,4/4,0.82,0.83,0.8,major,0.04
Ice Cream Cake,3:11,Red Velvet,The 1st Mini Album ‘Ice Cream Cake’ - EP,K-Pop,,2015,145,F# minor,4/4,0.86,0.82,0.58,minor,0.03
Monster,2:58,Red Velvet - IRENE & SEULGI,Monster - The 1st Mini Album - EP,K-Pop,1,2020,128,E minor,4/4,0.82,0.78,0.44,minor,0.04
Free,3:08,"Rumi, JINU, EJAE, Andrew Choi & KPop Demon Hunters Cast",KPop Demon Hunters (Soundtrack from the Netflix Film),K-Pop,6,2025,128,Ab major,4/4,0.82,0.8,0.58,major,0.04
Soda Pop,2:31,"Saja Boys, Andrew Choi, Neckwav, Danny Chung, Kevin Woo, samUIL Lee & KPop Demon Hunters Cast",KPop Demon Hunters (Soundtrack from the Netflix Film),K-Pop,43,2025,128,Ab major,4/4,0.82,0.8,0.58,major,0.04
Your Idol,3:12,"Saja Boys, Andrew Choi, Neckwav, Danny Chung, Kevin Woo, samUIL Lee & KPop Demon Hunters Cast",KPop Demon Hunters (Soundtrack from the Netflix Film),K-Pop,32,2025,128,Ab major,4/4,0.82,0.8,0.58,major,0.04
Come Back to Me,4:06,SE7EN,Just Listen,K-Pop,,2006,128,Ab major,4/4,0.82,0.8,0.58,major,0.04
Come Back to Me,4:06,SE7EN,Just Listen,K-Pop,,2006,128,Ab major,4/4,0.82,0.8,0.58,major,0.04
Sorry,5:07,SEUNGKWAN,Mask Singer 136th - Single,K-Pop,11,2023,128,Ab major,4/4,0.82,0.8,0.58,major,0.04
Mansae,3:07,SEVENTEEN,Boys Be - EP,K-Pop,,2015,145,Db major,4/4,0.85,0.82,0.8,major,0.04
Maiochiruhanabira (Fallin' Flower),3:32,SEVENTEEN,Maiochiruhanabira (Fallin' Flower) - Single,K-Pop,,2020,128,Ab major,4/4,0.82,0.8,0.58,major,0.04
HIT,3:24,SEVENTEEN,An Ode,K-Pop,,2019,152,Bb minor,4/4,0.9,0.81,0.54,minor,0.02
Snap Shoot,2:56,SEVENTEEN,An Ode,K-Pop,,2019,128,Ab major,4/4,0.82,0.8,0.58,major,0.04
CHEERS,3:01,SEVENTEEN,SEVENTEEN 4th Album Repackage 'SECTOR 17',K-Pop,1,2022,128,Ab major,4/4,0.82,0.8,0.58,major,0.04
Don't Wanna Cry,3:23,SEVENTEEN,SEVENTEEN 4th Mini Album 'Al1' - EP,K-Pop,,2017,115,C minor,4/4,0.73,0.73,0.42,minor,0.06
Habit,4:13,SEVENTEEN,SEVENTEEN 4th Mini Album 'Al1' - EP,K-Pop,1,2017,128,Ab major,4/4,0.82,0.8,0.58,major,0.04
Good to Me,3:10,SEVENTEEN,SEVENTEEN 6th Mini Album 'YOU MADE MY DAWN' - EP,K-Pop,,2019,128,Ab major,4/4,0.82,0.8,0.58,major,0.04
Anyone,2:57,SEVENTEEN,SEVENTEEN 8th Mini Album 'Your Choice' - EP,K-Pop,,2021,128,Ab major,4/4,0.82,0.8,0.58,major,0.04
Left & Right,3:22,SEVENTEEN,SEVENTEEN BEST ALBUM '17 IS RIGHT HERE',K-Pop,,2022,130,G major,4/4,0.84,0.82,0.72,major,0.04
Rock with you,3:00,SEVENTEEN,SEVENTEEN BEST ALBUM '17 IS RIGHT HERE',K-Pop,1,2024,105,Eb major,4/4,0.76,0.78,0.74,major,0.06
Our Dawn Is Hotter Than Day,3:32,SEVENTEEN,You Make My Day - EP,K-Pop,1,2018,128,Ab major,4/4,0.82,0.8,0.58,major,0.04
View,3:11,SHINee,Odd - The 4th Album,K-Pop,,2015,120,F major,4/4,0.73,0.83,0.69,major,0.08
Replay,3:35,SHINee,Replay The First Mini Album - EP,K-Pop,,2008,130,Db major,4/4,0.72,0.76,0.7,major,0.07
Sherlock (Clue + Note),3:57,SHINee,Sherlock - The 4th Mini Album,K-Pop,,2012,135,D minor,4/4,0.87,0.8,0.54,minor,0.03
Stand By Me,4:07,SHINee,꽃보다 남자 Best Collection (Original Television Soundtrack),TV Soundtrack,,2009,80,G major,4/4,0.42,0.48,0.62,major,0.4
Lucifer,3:54,SHINee,The 2nd Album 'Lucifer',K-Pop,47,2010,141,D minor,4/4,0.91,0.82,0.48,minor,0.02
Ring Ding Dong,3:53,SHINee,"2009, Year Of Us - EP",Rock,1,2009,149,Bb minor,4/4,0.93,0.81,0.51,minor,0.02
Perfect Man,3:25,SHINHWA,Perfect Man - The 5th Album,K-Pop,22,2003,128,Ab major,4/4,0.82,0.8,0.58,major,0.04
Tears,3:57,So Chanwhee,First Bridge,K-Pop,,2018,128,Ab major,4/4,0.82,0.8,0.58,major,0.04
ASAP,3:14,STAYC,STAYDOM - EP,K-Pop,,2022,128,Ab major,4/4,0.82,0.8,0.58,major,0.04
Gashina,3:00,SUNMI,Gashina - Single,K-Pop,,2017,118,G# minor,4/4,0.79,0.81,0.54,minor,0.05
Heart Burn,3:13,SUNMI,Heart Burn - Single,K-Pop,,2021,120,Bb minor,4/4,0.77,0.79,0.52,minor,0.05
Pporappippam,3:27,SUNMI,Pporappippam - Single,K-Pop,,2021,90,C major,4/4,0.6,0.69,0.68,major,0.12
"Sorry, Sorry",3:52,SUPER JUNIOR,"Sorry, Sorry",K-Pop,,2009,131,C# minor,4/4,0.88,0.85,0.57,minor,0.03
Jopping,4:11,SuperM,SuperM - The 1st Mini Album,K-Pop,,2019,145,F minor,4/4,0.91,0.8,0.49,minor,0.02
Advice,3:12,TAEMIN,Advice - The 3rd Mini Album - EP,K-Pop,,2021,128,Ab major,4/4,0.82,0.8,0.58,major,0.04
"Eyes, Nose, Lips",3:50,TAEYANG,Rise,R&B/Soul,2,2014,62,Ab major,4/4,0.24,0.45,0.38,major,0.62
Wedding Dress,4:03,TAEYANG,Solar,Pop,,2010,72,Ab major,4/4,0.36,0.49,0.48,major,0.42
0X1=LOVESONG (I Know I Love You) [feat. Seori],3:22,TOMORROW X TOGETHER,The Chaos Chapter : FREEZE,K-Pop,,2021,116,E minor,4/4,0.72,0.72,0.54,minor,0.08
LO$ER=LO♡ER,3:20,TOMORROW X TOGETHER,The Chaos Chapter: FIGHT OR ESCAPE,K-Pop,,2021,128,Ab major,4/4,0.82,0.8,0.58,major,0.04
No Rules,3:06,TOMORROW X TOGETHER,The Chaos Chapter: FIGHT OR ESCAPE,K-Pop,1,2021,128,Ab major,4/4,0.82,0.8,0.58,major,0.04
New Rules,2:54,TOMORROW X TOGETHER,The Dream Chapter: MAGIC,K-Pop,,2019,128,Ab major,4/4,0.82,0.8,0.58,major,0.04
Cat & Dog,3:08,TOMORROW X TOGETHER,The Dream Chapter: STAR - EP,K-Pop,1,2019,180,G major,4/4,0.82,0.79,0.78,major,0.04
I’ll See You There Tomorrow,3:17,TOMORROW X TOGETHER,minisode 3: TOMORROW,K-Pop,24,2023,128,Ab major,4/4,0.82,0.8,0.58,major,0.04
Deja Vu,2:51,TOMORROW X TOGETHER,minisode 3: TOMORROW,K-Pop,18,2023,120,Ab major,4/4,0.72,0.74,0.64,major,0.07
Tinnitus (Wanna be a rock),2:37,TOMORROW X TOGETHER,The Name Chapter: TEMPTATION - EP,K-Pop,3,2023,170,D minor,4/4,0.88,0.77,0.48,minor,0.03
Beautiful Strangers,2:18,TOMORROW X TOGETHER,The Star Chapter: TOGETHER,K-Pop,8,2024,128,Ab major,4/4,0.82,0.8,0.58,major,0.04
Do It Like That,2:25,TOMORROW X TOGETHER & Jonas Brothers,The Name Chapter: FREEFALL,Pop,8,2023,120,C major,4/4,0.7,0.7,0.65,major,0.12
MY TREASURE,3:16,TREASURE,THE FIRST STEP : TREASURE EFFECT,K-Pop,,2020,128,Ab major,4/4,0.82,0.8,0.58,major,0.04
BOY,3:17,TREASURE,THE FIRST STEP : TREASURE EFFECT,K-Pop,,2020,128,Ab major,4/4,0.82,0.8,0.58,major,0.04
I LOVE YOU,3:02,TREASURE,THE FIRST STEP : TREASURE EFFECT,K-Pop,,2020,128,Ab major,4/4,0.82,0.8,0.58,major,0.04
MMM,3:28,TREASURE,THE FIRST STEP : TREASURE EFFECT,K-Pop,,2020,128,Ab major,4/4,0.82,0.8,0.58,major,0.04
ORANGE,4:16,TREASURE,THE FIRST STEP : TREASURE EFFECT,K-Pop,,2020,128,Ab major,4/4,0.82,0.8,0.58,major,0.04
GOING CRAZY,3:45,TREASURE,THE FIRST STEP : TREASURE EFFECT,K-Pop,,2020,128,Ab major,4/4,0.82,0.8,0.58,major,0.04
MIROTIC (Original Version),3:28,TVXQ!,MIROTIC - The 4th Album,K-Pop,2,2008,130,D minor,4/4,0.87,0.84,0.48,minor,0.03
Talk that Talk,2:57,TWICE,BETWEEN 1&2,K-Pop,2,2022,128,Ab major,4/4,0.81,0.83,0.74,major,0.04
CRY FOR ME,3:24,TWICE,CRY FOR ME - Single,K-Pop,1,2020,90,Ab minor,4/4,0.66,0.68,0.33,minor,0.08
I CAN'T STOP ME,3:25,TWICE,Eyes wide open,K-Pop,,2020,130,F minor,4/4,0.79,0.78,0.5,minor,0.04
FANCY,3:34,TWICE,FANCY YOU - EP,K-Pop,1,2019,110,Bb minor,4/4,0.73,0.77,0.56,minor,0.06
Feel Special,3:27,TWICE,Feel Special,K-Pop,,2019,108,Db major,4/4,0.68,0.72,0.66,major,0.08
The Feels,3:18,TWICE,The Feels,K-Pop,,2021,128,Ab major,4/4,0.82,0.8,0.58,major,0.04
Heart Shaker,3:07,TWICE,Merry & Happy,K-Pop,,2017,126,F major,4/4,0.8,0.81,0.76,major,0.05
MORE & MORE,3:20,TWICE,MORE & MORE,K-Pop,,2020,170,D minor,4/4,0.82,0.79,0.56,minor,0.04
MORE & MORE,3:20,TWICE,MORE & MORE,K-Pop,,2020,170,D minor,4/4,0.82,0.79,0.56,minor,0.04
Signal,3:17,TWICE,Signal - EP,K-Pop,,2017,128,Ab major,4/4,0.82,0.8,0.58,major,0.04
Dance The Night Away,3:01,TWICE,Summer Nights,K-Pop,2,2018,128,Ab major,4/4,0.82,0.8,0.58,major,0.04
Dance The Night Away,3:01,TWICE,Summer Nights,K-Pop,2,2018,128,Ab major,4/4,0.82,0.8,0.58,major,0.04
Alcohol-Free,3:31,TWICE,Taste of Love - EP,K-Pop,,2021,128,Ab major,4/4,0.82,0.8,0.58,major,0.04
ATM (JIHYO),3:36,TWICE,TEN: The Story Goes On,K-Pop,38,2022,128,Ab major,4/4,0.82,0.8,0.58,major,0.04
TT,3:33,TWICE,Twicecoaster: Lane 1,K-Pop,,2016,123,F minor,4/4,0.78,0.78,0.6,minor,0.05
plot twist,2:32,TWS,TWS 1st Mini Album 'Sparkling Blue' - EP,K-Pop,31,2024,128,Ab major,4/4,0.82,0.8,0.58,major,0.04
OVERDRIVE,2:40,TWS,TWS 4th Mini Album 'play hard' - EP,K-Pop,30,2024,128,Ab major,4/4,0.82,0.8,0.58,major,0.04
Girls of the Year,2:58,VCHA,Girls of the Year - Single,Pop,3,2024,120,C major,4/4,0.7,0.7,0.65,major,0.12
MANIAC,3:16,VIVIZ,The 4th Mini Album 'VERSUS' - EP,Dance,3,2022,128,C major,4/4,0.87,0.87,0.68,major,0.03
After School,3:25,Weeekly,We Play - EP,K-Pop,,2021,128,Ab major,4/4,0.82,0.8,0.58,major,0.04
Say You Love Me,4:12,WENDY,"Dynamite Kiss (Original Television Soundtrack), Pt.2 - Single",Soundtrack,17,2022,85,D major,4/4,0.55,0.55,0.6,major,0.3
EVERYDAY,3:26,WINNER,EVERYD4Y,K-Pop,,2018,128,Ab major,4/4,0.82,0.8,0.58,major,0.04
REALLY REALLY,3:23,WINNER,FATE NUMBER FOR - Single,K-Pop,,2017,128,Ab major,4/4,0.82,0.8,0.58,major,0.04
Why So Lonely,3:27,Wonder Girls,Why So Lonely - Single,K-Pop,,2016,128,Ab major,4/4,0.82,0.8,0.58,major,0.04
Nobody,3:33,Wonder Girls,The Wonder Years - Trilogy,K-Pop,,2008,128,Ab major,4/4,0.82,0.8,0.58,major,0.04
Tell Me,3:39,Wonder Girls,2 Different Tears,K-Pop,,2007,128,Ab major,4/4,0.82,0.8,0.58,major,0.04
1&Only,2:55,XLOV,I ONE - EP,K-Pop,160,2024,128,Ab major,4/4,0.82,0.8,0.58,major,0.04
Winter Flower (feat. RM),3:41,Younha,Unstable Mindset - EP,K-Pop,,2020,128,Ab major,4/4,0.82,0.8,0.58,major,0.04
Any Song,3:47,ZICO,Any Song - Single,K-Pop,,2020,128,Ab major,4/4,0.82,0.8,0.58,major,0.04
New Thing (feat. Homies),2:27,ZICO,"Street Man Fighter (SMF) Original, Vol. 3 [Mission by Rank] [Original Television Soundtrack] - EP",Soundtrack,,2019,85,D major,4/4,0.55,0.55,0.6,major,0.3
Come Back Home,3:50,2NE1,Crush,Pop,,2014,140,G minor,4/4,0.87,0.78,0.44,minor,0.03
I Am the Best,3:29,2NE1,I Am the Best - Single,Pop,,2011,130,F minor,4/4,0.91,0.82,0.52,minor,0.02
Immortality (feat. Bee Gees),4:11,Céline Dion,Let's Talk About Love,Pop,,1998,120,C major,4/4,0.7,0.7,0.65,major,0.12
The Power of Love,5:42,Céline Dion,The Colour of My Love,Pop,1,1993,120,C major,4/4,0.7,0.7,0.65,major,0.12
To Love You More (Radio Edit),4:39,Céline Dion,The Best of Celine Dion,Pop,1,1995,120,C major,4/4,0.7,0.7,0.65,major,0.12
"Because You Loved Me (Theme from ""Up Close and Personal"")",4:34,Céline Dion,Falling Into You,Pop,3,1996,120,C major,4/4,0.7,0.7,0.65,major,0.12
"Beauty and the Beast (from the Soundtrack ""Beauty and the Beast"")",4:09,Céline Dion & Peabo Bryson,All the Way...A Decade of Song,Soundtrack,,1991,85,D major,4/4,0.55,0.55,0.6,major,0.3
It's All Coming Back to Me Now,7:37,Céline Dion,Falling Into You,Pop,4,1996,120,C major,4/4,0.7,0.7,0.65,major,0.12
All By Myself,5:12,Céline Dion,Falling Into You,Pop,4,1996,120,C major,4/4,0.7,0.7,0.65,major,0.12
That's the Way It Is,4:01,Céline Dion,The Best of Celine Dion,Pop,,1999,120,C major,4/4,0.7,0.7,0.65,major,0.12
I Believe In You (Je crois en toi: English French Version),4:00,Il Divo & Céline Dion,Ancora,Classical Crossover,2,2006,80,C major,4/4,0.26,0.36,0.68,major,0.72
I'm Alive,3:30,Céline Dion,A New Day Has Come,Pop,2,2002,120,C major,4/4,0.7,0.7,0.65,major,0.12
I Surrender,4:48,Céline Dion,A New Day Has Come,Pop,4,2002,120,C major,4/4,0.7,0.7,0.65,major,0.12
A New Day Has Come (Radio Remix),4:20,Céline Dion,A New Day Has Come,Pop,,2002,120,C major,4/4,0.7,0.7,0.65,major,0.12
The Prayer,4:29,Céline Dion & Andrea Bocelli,These Are Special Times,Holiday,,1998,100,C major,4/4,0.56,0.58,0.75,major,0.28
I Love You,5:30,Céline Dion,Falling Into You,Pop,5,2019,120,C major,4/4,0.7,0.7,0.65,major,0.12
Pour Que Tu M'aimes Encore,4:17,Céline Dion,D'eux,French Pop,1,1995,112,F major,4/4,0.5,0.56,0.62,major,0.3
J'irai Où Tu Iras,3:27,Céline Dion & Jean-Jacques Goldman,D'eux,French Pop,,1995,112,F major,4/4,0.5,0.56,0.62,major,0.3
"My Heart Will Go On (Love Theme from ""Titanic"")",4:40,Céline Dion,Let's Talk About Love,Pop,,1997,120,C major,4/4,0.7,0.7,0.65,major,0.12
Overjoyed,4:04,Stevie Wonder & Céline Dion,Loved Me Back to Life,Pop,5,1985,68,Ab major,4/4,0.38,0.46,0.76,major,0.42
"My Heart Will Go On (Love Theme from ""Titanic"")",5:11,James Horner & Céline Dion,Titanic (Music from the Motion Picture),Soundtrack,,1997,66,E major,4/4,0.38,0.36,0.52,major,0.52
O Holy Night,5:21,Céline Dion,These Are Special Times,Holiday,11,1991,100,C major,4/4,0.56,0.58,0.75,major,0.28
What a Wonderful World,3:47,Céline Dion,Miracle,Pop,,1995,120,C major,4/4,0.7,0.7,0.65,major,0.12
Hymne à l'amour (Live aux Jeux Olympiques de Paris 2024 / Live from the Olympic Games Paris 2024),3:50,Céline Dion,Hymne à l'amour (Live aux Jeux Olympiques de Paris 2024 / Live from the Olympic Games Paris 2024) - Single,French Pop,15,2024,112,F major,4/4,0.5,0.56,0.62,major,0.3
That's the Way It Is,4:03,Céline Dion,My Love - Essential Collection,Pop,5,1999,120,C major,4/4,0.7,0.7,0.65,major,0.12
"One, Two Step (feat. Missy Elliott)",3:24,Ciara,Goodies,R&B/Soul,,2004,90,Bb major,4/4,0.55,0.68,0.6,major,0.22
Milkshake (Radio Mix),3:03,Kelis,Tasty,R&B/Soul,,2003,90,Bb major,4/4,0.55,0.68,0.6,major,0.22
Lose My Breath,4:02,Destiny's Child,Destiny Fulfilled,Pop,6,2004,158,Bb minor,4/4,0.86,0.82,0.6,minor,0.04
Oops!...I Did It Again,3:32,Britney Spears,Oops!... I Did It Again (25th Anniversary Edition),Pop,17,2000,120,C major,4/4,0.7,0.7,0.65,major,0.12
Toxic,3:19,Britney Spears,In the Zone,Pop,2,2004,143,C# minor,4/4,0.78,0.76,0.62,minor,0.05
"Bills, Bills, Bills (#1's Edit)",3:45,Destiny's Child,#1's: Destiny's Child,R&B/Soul,12,1999,80,G minor,4/4,0.56,0.64,0.58,minor,0.12
Crazy in Love (feat. JAŸ-Z),3:56,Beyoncé,Dangerously in Love,Pop,8,2003,120,C major,4/4,0.7,0.7,0.65,major,0.12
Rock Wit U (Awww Baby),3:29,Ashanti,Chapter II,R&B/Soul,1,2002,90,Bb major,4/4,0.55,0.68,0.6,major,0.22
...Baby One More Time,3:31,Britney Spears,...Baby One More Time (Deluxe Version),Pop,37,1998,100,C# minor,4/4,0.7,0.72,0.62,minor,0.1
Telephone (feat. Beyoncé),3:41,Lady Gaga,The Fame Monster (Deluxe Edition),Pop,26,2009,122,G# minor,4/4,0.85,0.82,0.62,minor,0.03
Say My Name (#1's Edit),4:00,Destiny's Child,#1's: Destiny's Child,R&B/Soul,4,1999,98,C# minor,4/4,0.74,0.78,0.66,minor,0.06
Single Ladies (Put a Ring on It),3:13,Beyoncé,I AM...SASHA FIERCE (Deluxe Version),Pop,5,2008,120,C major,4/4,0.7,0.7,0.65,major,0.12
Survivor,4:14,Destiny's Child,Survivor (International Edition),R&B/Soul,6,2001,89,Bb minor,4/4,0.72,0.72,0.62,minor,0.08
Hips Don't Lie (feat. Wyclef Jean),3:40,Shakira,"Oral Fixation, Vol. 2 (Expanded Edition)",Pop Latino,27,2006,100,C major,4/4,0.78,0.8,0.8,major,0.08
"No, No, No, Pt. 2 (feat. Wyclef Jean)",3:27,Destiny's Child,Destiny's Child,R&B/Soul,2,1996,90,Bb major,4/4,0.55,0.68,0.6,major,0.22
Obsessed,4:02,Mariah Carey,Memoirs of an imperfect Angel (iTunes Version),Pop,,2009,120,C major,4/4,0.7,0.7,0.65,major,0.12
If I Were a Boy,4:09,Beyoncé,I AM...SASHA FIERCE (Deluxe Version),Pop,3,2008,120,C major,4/4,0.7,0.7,0.65,major,0.12
Beautiful Liar,3:20,Shakira & Beyoncé,B'Day (Deluxe Edition),Pop,111,2007,120,C major,4/4,0.7,0.7,0.65,major,0.12
Fantasy,4:03,Mariah Carey,Daydream,Pop,1,1995,100,Bb major,4/4,0.72,0.74,0.76,major,0.06
Bootylicious,3:28,Destiny's Child,Survivor (International Edition),R&B/Soul,8,2001,90,Bb major,4/4,0.55,0.68,0.6,major,0.22
Umbrella (feat. JAŸ-Z),4:36,Rihanna,Good Girl Gone Bad: Reloaded,Pop,10,2007,92,F# minor,4/4,0.72,0.72,0.56,minor,0.06
Jenny from the Block (feat. Jadakiss & Styles P) [Track Masters Remix],3:08,Jennifer Lopez,This Is Me...Then,Pop,3,2002,120,C major,4/4,0.7,0.7,0.65,major,0.12
Déjà Vu (feat. JAŸ-Z),4:00,Beyoncé,B'Day,Pop,121,2006,120,C major,4/4,0.7,0.7,0.65,major,0.12
Where the Party At,3:53,Jagged Edge,Jagged Little Thrill,R&B/Soul,10,2001,90,Bb major,4/4,0.55,0.68,0.6,major,0.22
On the Floor (feat. Pitbull),4:45,Jennifer Lopez,LOVE? (Bonus Version),Pop,,2011,120,C major,4/4,0.7,0.7,0.65,major,0.12
Like a Boy,3:57,Ciara,The Evolution (Bonus Track Edition),R&B/Soul,44,2006,90,Bb major,4/4,0.55,0.68,0.6,major,0.22
Goodies (feat. Petey Pablo),3:43,Ciara,Goodies (20th Anniversary),R&B/Soul,,2004,90,Bb major,4/4,0.55,0.68,0.6,major,0.22
Get Up (feat. Chamillionaire),4:22,Ciara,The Evolution (Bonus Track Edition),R&B/Soul,,2006,90,Bb major,4/4,0.55,0.68,0.6,major,0.22
Buttons,3:46,The Pussycat Dolls,PCD,Pop,,2005,120,C major,4/4,0.7,0.7,0.65,major,0.12
Miss possessive,2:19,Tate McRae,So Close To What,Pop,306,2024,120,C major,4/4,0.7,0.7,0.65,major,0.12
My Attitude,2:51,Bratz,Forever Diamondz - Collector's Edition,Pop,23,2024,120,C major,4/4,0.7,0.7,0.65,major,0.12
Talk Dirty (feat. 2 Chainz),2:58,Jason Derulo,Talk Dirty,Pop,,2013,120,C major,4/4,0.7,0.7,0.65,major,0.12
Sports car,2:45,Tate McRae,So Close To What,Pop,26,2024,120,C major,4/4,0.7,0.7,0.65,major,0.12
Jealous Type,2:44,Doja Cat,Vie,Pop,72,2024,120,C major,4/4,0.7,0.7,0.65,major,0.12
Need To Know,3:31,Doja Cat,Planet Her (Deluxe),Pop,,2021,120,C major,4/4,0.7,0.7,0.65,major,0.12
Woman,2:53,Doja Cat,Planet Her (Deluxe),Pop,,2021,120,C major,4/4,0.7,0.7,0.65,major,0.12
Dangerously In Love,5:06,Destiny's Child,Survivor (International Edition),R&B/Soul,,2001,90,Bb major,4/4,0.55,0.68,0.6,major,0.22
Love On Top,4:28,Beyoncé,4 (Expanded Edition),Pop,3,2011,120,C major,4/4,0.7,0.7,0.65,major,0.12
Get Into It (Yuh),2:18,Doja Cat,Planet Her (Deluxe),Pop,,2021,120,C major,4/4,0.7,0.7,0.65,major,0.12
Perro Fiel (feat. Nicky Jam),3:16,Shakira,El Dorado,Pop Latino,2,2017,100,C major,4/4,0.78,0.82,0.76,major,0.1
Leak It,3:03,FLO,Leak It - Single,R&B/Soul,126,2022,90,Bb major,4/4,0.55,0.68,0.6,major,0.22
Saving All My Love for You,3:57,Whitney Houston,Whitney Houston,Pop,1,1985,59,F major,4/4,0.3,0.42,0.62,major,0.58
Endless Love (with Mariah Carey),4:19,Luther Vandross,The Essential Luther Vandross,R&B/Soul,,1994,90,Bb major,4/4,0.55,0.68,0.6,major,0.22
I Swear,4:20,All-4-One,All-4-One,Pop,,1994,120,C major,4/4,0.7,0.7,0.65,major,0.12
My Love (Radio Edit),3:52,Westlife,Coast to Coast (Expanded Edition),Pop,9,2000,120,C major,4/4,0.7,0.7,0.65,major,0.12
Greatest Love of All,4:58,Whitney Houston,Whitney Houston,Pop,5,1985,76,Ab major,4/4,0.36,0.4,0.66,major,0.54
End of the Road,5:51,Boyz II Men,CooleyHighHarmony (Bonus Track Version),R&B/Soul,18,1992,58,Bb major,4/4,0.3,0.38,0.5,major,0.56
Run to You,4:24,Whitney Houston,The Bodyguard (Original Soundtrack Album),Soundtrack,14,1992,85,D major,4/4,0.55,0.55,0.6,major,0.3
Un-Break My Heart,4:30,Toni Braxton,Secrets,R&B/Soul,7,1996,90,Bb major,4/4,0.55,0.68,0.6,major,0.22
I Have Nothing,4:49,Whitney Houston,The Bodyguard (Original Soundtrack Album),Soundtrack,6,1992,64,Db major,4/4,0.34,0.4,0.5,major,0.5
Hero,4:18,Mariah Carey,Music Box,Pop,1,1993,66,F major,4/4,0.32,0.38,0.62,major,0.54
"Because You Loved Me (Theme from ""Up Close and Personal"")",4:34,Céline Dion,Falling Into You,Pop,3,1996,120,C major,4/4,0.7,0.7,0.65,major,0.12
Where Do Broken Hearts Go,4:39,Whitney Houston,Whitney,R&B/Soul,18,1988,90,Bb major,4/4,0.55,0.68,0.6,major,0.22
I'll Make Love to You,3:57,Boyz II Men,II,R&B/Soul,25,1994,68,Eb major,4/4,0.32,0.4,0.6,major,0.5
How Am I Supposed to Live Without You,4:16,Michael Bolton,Soul Provider,Adult Contemporary,7,1989,75,Bb major,4/4,0.38,0.46,0.58,major,0.38
I Will Always Love You,4:31,Whitney Houston,The Bodyguard (Original Soundtrack Album),Soundtrack,9,1992,68,Db major,4/4,0.38,0.38,0.52,major,0.54
"Say You, Say Me",4:01,Lionel Richie,Dancing On the Ceiling (Expanded Edition),R&B/Soul,4,1985,90,Bb major,4/4,0.55,0.68,0.6,major,0.22
I Just Called To Say I Love You,4:22,Stevie Wonder,At The Close Of A Century,R&B/Soul,9,1984,82,Bb major,4/4,0.62,0.62,0.78,major,0.16
How Deep Is Your Love,4:05,Bee Gees,Greatest,Pop,,1977,120,C major,4/4,0.7,0.7,0.65,major,0.12
Can You Feel The Love Tonight (1996 LP),4:00,Elton John,Love Songs (Remastered),Pop,2,1994,52,G major,4/4,0.3,0.38,0.7,major,0.56
I Wanna Dance with Somebody (Who Loves Me),4:53,Whitney Houston,Whitney,R&B/Soul,3,1987,119,Ab major,4/4,0.83,0.76,0.87,major,0.05
Nothing's Gonna Change My Love for You,4:03,George Benson,20/20,Pop,6,1985,120,C major,4/4,0.7,0.7,0.65,major,0.12
Total Eclipse of the Heart,4:27,Bonnie Tyler,The Very Best of Bonnie Tyler,Pop,,1983,120,C major,4/4,0.7,0.7,0.65,major,0.12
If I Ain't Got You,3:49,Alicia Keys,The Diary of Alicia Keys,R&B/Soul,,2003,90,Bb major,4/4,0.55,0.68,0.6,major,0.22
Girl On Fire,3:45,Alicia Keys,Girl On Fire (Remixes) - EP,R&B/Soul,,2012,90,Bb major,4/4,0.55,0.68,0.6,major,0.22
No One,4:15,Alicia Keys,No One (Remixes) - Single,R&B/Soul,,2007,90,Bb major,4/4,0.55,0.68,0.6,major,0.22
We Are the World 25 for Haiti,6:57,Artists for Haiti,We Are the World 25 for Haiti - Single,Pop,11,2010,120,C major,4/4,0.7,0.7,0.65,major,0.12
I'm Every Woman,4:45,Whitney Houston,The Bodyguard (Original Soundtrack Album),Soundtrack,,1992,85,D major,4/4,0.55,0.55,0.6,major,0.3
Stand By Me,2:55,Ben E. King,Don't Play That Song!,R&B/Soul,,1961,90,Bb major,4/4,0.55,0.68,0.6,major,0.22
By Your Side,4:35,Sade,Lovers Rock,R&B/Soul,1,2000,90,Bb major,4/4,0.55,0.68,0.6,major,0.22
Anlamazdın,3:42,Ayla Dikmen,Klasikler (Orijinal Kayıtlar),Pop,,1987,120,C major,4/4,0.7,0.7,0.65,major,0.12
That's What Friends Are For,4:16,Dionne Warwick,Dionne Warwick: Greatest Hits 1979-1990,Easy Listening,,1985,80,F major,4/4,0.34,0.46,0.66,major,0.44
My All,3:51,Mariah Carey,Butterfly,R&B/Soul,29,1997,90,Eb minor,4/4,0.38,0.44,0.48,minor,0.38
One Sweet Day (feat. Boyz II Men),4:41,Mariah Carey,Daydream,Pop,1,1995,60,Bb major,4/4,0.3,0.38,0.52,major,0.56
Halo,4:22,Beyoncé,I AM...SASHA FIERCE (Deluxe Version),Pop,6,2008,120,C major,4/4,0.7,0.7,0.65,major,0.12
It's So Hard to Say Goodbye to Yesterday,2:49,Boyz II Men,CooleyHighHarmony (Expanded Edition),Neo-Soul,4,1991,90,Bb major,4/4,0.52,0.64,0.58,major,0.24
Goodbye Yellow Brick Road (Remastered 2014),3:13,Elton John,Goodbye Yellow Brick Road (40th Anniversary Celebration / Super Deluxe Edition) [2014 Remaster],Rock,6,1973,130,E minor,4/4,0.88,0.66,0.55,minor,0.04
Didn't We Almost Have It All,5:07,Whitney Houston,Whitney,R&B/Soul,75,1987,90,Bb major,4/4,0.55,0.68,0.6,major,0.22
Before I Fall In Love,3:44,CoCo Lee,Just No Other Way,Rock,7,1996,130,E minor,4/4,0.88,0.66,0.55,minor,0.04
Sir Duke,3:54,Stevie Wonder,Songs in the Key of Life,R&B/Soul,26,1977,104,B major,4/4,0.78,0.74,0.86,major,0.1
"Signed, Sealed, Delivered (I'm Yours)",2:41,Stevie Wonder,Signed Sealed and Delivered,R&B/Soul,4,1970,116,Bb major,4/4,0.82,0.78,0.86,major,0.08
Isn't She Lovely,6:34,Stevie Wonder,Songs in the Key of Life,R&B/Soul,,1976,174,C major,4/4,0.72,0.68,0.86,major,0.3
Overjoyed,3:43,Stevie Wonder,The Definitive Collection,R&B/Soul,5,1985,68,Ab major,4/4,0.38,0.46,0.76,major,0.42
Overjoyed,4:04,Stevie Wonder & Céline Dion,Loved Me Back to Life,Pop,5,1985,68,Ab major,4/4,0.38,0.46,0.76,major,0.42
Without You,3:35,Mariah Carey,Music Box: 30th Anniversary Edition,Pop,32,1993,56,Bb major,4/4,0.28,0.34,0.42,major,0.6
Hero (2009 Version),4:19,Mariah Carey,Music Box: 30th Anniversary Edition,Pop,22,1993,66,F major,4/4,0.32,0.38,0.62,major,0.54
All I've Ever Wanted,3:53,Mariah Carey,Music Box: 30th Anniversary Edition,R&B/Soul,10,1990,90,Bb major,4/4,0.55,0.68,0.6,major,0.22
Pero Me Acuerdo de Tí,4:26,Christina Aguilera,Mi Reflejo (Bonus Track Version),Pop,33,1999,120,C major,4/4,0.7,0.7,0.65,major,0.12
Return of the Mack,3:33,Mark Morrison,Return of the Mack,Pop,,1996,120,C major,4/4,0.7,0.7,0.65,major,0.12
Ladies' Night,6:26,Kool & The Gang,Ladies' Night,R&B/Soul,11,1979,90,Bb major,4/4,0.55,0.68,0.6,major,0.22
Fernando,4:13,ABBA,Arrival (Bonus Track Version),Pop,,1976,80,D major,4/4,0.48,0.52,0.66,major,0.36
Footloose,3:47,Kenny Loggins,Footloose (Original Motion Picture Soundtrack),Rock,17,1984,130,E minor,4/4,0.88,0.66,0.55,minor,0.04
Heart to Heart,5:22,Kenny Loggins,High Adventure,Rock,7,1982,130,E minor,4/4,0.88,0.66,0.55,minor,0.04
A Song for Mama,5:03,Boyz II Men,Evolution,R&B/Soul,4,1997,90,Bb major,4/4,0.55,0.68,0.6,major,0.22
Knocks Me Off My Feet,3:36,Stevie Wonder,Songs in the Key of Life,R&B/Soul,21,1986,90,Bb major,4/4,0.55,0.68,0.6,major,0.22
You Raise Me Up,4:50,Josh Groban,Closer,Pop,3,2003,120,C major,4/4,0.7,0.7,0.65,major,0.12
I Lay My Love On You (Remix),3:29,Westlife,Coast to Coast (Expanded Edition),Pop,19,2000,120,C major,4/4,0.7,0.7,0.65,major,0.12
The Winner Takes It All,4:55,ABBA,Super Trouper (Bonus Track Version),Pop,5,1980,75,Ab major,4/4,0.44,0.46,0.42,major,0.36
Purple Rain,8:45,Prince & The Revolution,Purple Rain (Deluxe Expanded Edition) [2015 Paisley Park Remaster],Pop,,1984,120,C major,4/4,0.7,0.7,0.65,major,0.12
Go the Distance (From Disney's Hercules),4:41,Michael Bolton,All That Matters,Adult Contemporary,23,1997,75,Bb major,4/4,0.38,0.46,0.58,major,0.38
On Bended Knee,5:30,Boyz II Men,II (Bonus Videos Edition),Neo-Soul,,1994,62,C major,4/4,0.28,0.38,0.54,major,0.56
